/data/datasets/wbc3_1024x1024/images/0001.png,671,506,767,612,neutrophils
/data/datasets/wbc3_1024x1024/images/0001.png,203,901,287,999,neutrophils
/data/datasets/wbc3_1024x1024/images/0001.png,855,274,945,389,bands
/data/datasets/wbc3_1024x1024/images/0002.png,272,466,436,627,bands
/data/datasets/wbc3_1024x1024/images/0003.png,759,497,846,592,neutrophils
/data/datasets/wbc3_1024x1024/images/0003.png,363,577,457,698,lymphocytes
/data/datasets/wbc3_1024x1024/images/0003.png,148,667,305,798,monocytes
/data/datasets/wbc3_1024x1024/images/0004.png,643,242,749,354,neutrophils
/data/datasets/wbc3_1024x1024/images/0005.png,124,115,192,192,lymphocytes
/data/datasets/wbc3_1024x1024/images/0006.png,518,171,609,282,neutrophils
/data/datasets/wbc3_1024x1024/images/0006.png,928,53,1008,157,neutrophils
/data/datasets/wbc3_1024x1024/images/0008.png,62,427,118,515,neutrophils
/data/datasets/wbc3_1024x1024/images/0009.png,793,181,963,340,monocytes
/data/datasets/wbc3_1024x1024/images/0011.png,754,789,818,877,neutrophils
/data/datasets/wbc3_1024x1024/images/0011.png,133,379,203,480,neutrophils
/data/datasets/wbc3_1024x1024/images/0011.png,642,689,714,788,lymphocytes
/data/datasets/wbc3_1024x1024/images/0012.png,376,193,509,324,bands
/data/datasets/wbc3_1024x1024/images/0012.png,753,0,906,148,bands
/data/datasets/wbc3_1024x1024/images/0014.png,853,661,993,821,bands
/data/datasets/wbc3_1024x1024/images/0016.png,448,493,543,598,neutrophils
/data/datasets/wbc3_1024x1024/images/0016.png,103,413,187,511,neutrophils
/data/datasets/wbc3_1024x1024/images/0016.png,733,980,800,1023,lymphocytes
/data/datasets/wbc3_1024x1024/images/0016.png,713,861,782,955,lymphocytes
/data/datasets/wbc3_1024x1024/images/0017.png,858,167,948,270,neutrophils
/data/datasets/wbc3_1024x1024/images/0017.png,385,537,467,622,neutrophils
/data/datasets/wbc3_1024x1024/images/0017.png,602,824,683,930,lymphocytes
/data/datasets/wbc3_1024x1024/images/0019.png,193,180,300,297,neutrophils
/data/datasets/wbc3_1024x1024/images/0019.png,704,683,758,739,lymphocytes
/data/datasets/wbc3_1024x1024/images/0019.png,289,63,427,198,monocytes
/data/datasets/wbc3_1024x1024/images/0023.png,482,28,560,123,neutrophils
/data/datasets/wbc3_1024x1024/images/0023.png,0,928,77,1023,neutrophils
/data/datasets/wbc3_1024x1024/images/0023.png,64,578,134,687,neutrophils
/data/datasets/wbc3_1024x1024/images/0023.png,23,802,109,925,bands
/data/datasets/wbc3_1024x1024/images/0023.png,408,202,483,292,bands
/data/datasets/wbc3_1024x1024/images/0024.png,489,875,557,994,neutrophils
/data/datasets/wbc3_1024x1024/images/0024.png,454,329,557,451,lymphocytes
/data/datasets/wbc3_1024x1024/images/0024.png,81,102,204,226,monocytes
/data/datasets/wbc3_1024x1024/images/0025.png,193,677,278,813,neutrophils
/data/datasets/wbc3_1024x1024/images/0025.png,669,236,755,350,neutrophils
/data/datasets/wbc3_1024x1024/images/0025.png,135,85,247,234,eosinophils
/data/datasets/wbc3_1024x1024/images/0027.png,827,255,981,399,bands
/data/datasets/wbc3_1024x1024/images/0028.png,867,637,993,781,bands
/data/datasets/wbc3_1024x1024/images/0029.png,418,346,589,511,lymphocytes
/data/datasets/wbc3_1024x1024/images/0030.png,508,9,710,146,eosinophils
/data/datasets/wbc3_1024x1024/images/0033.png,622,554,678,624,lymphocytes
/data/datasets/wbc3_1024x1024/images/0034.png,412,727,515,834,neutrophils
/data/datasets/wbc3_1024x1024/images/0035.png,602,501,689,614,bands
/data/datasets/wbc3_1024x1024/images/0035.png,240,302,334,403,lymphocytes
/data/datasets/wbc3_1024x1024/images/0035.png,199,80,294,198,lymphocytes
/data/datasets/wbc3_1024x1024/images/0038.png,512,892,598,979,neutrophils
/data/datasets/wbc3_1024x1024/images/0038.png,574,291,668,381,lymphocytes
/data/datasets/wbc3_1024x1024/images/0038.png,241,434,304,512,lymphocytes
/data/datasets/wbc3_1024x1024/images/0039.png,39,820,184,968,bands
/data/datasets/wbc3_1024x1024/images/0039.png,573,375,715,527,bands
/data/datasets/wbc3_1024x1024/images/0040.png,709,90,798,205,neutrophils
/data/datasets/wbc3_1024x1024/images/0040.png,925,433,1008,537,neutrophils
/data/datasets/wbc3_1024x1024/images/0040.png,138,779,267,919,lymphocytes
/data/datasets/wbc3_1024x1024/images/0040.png,470,259,535,350,lymphocytes
/data/datasets/wbc3_1024x1024/images/0043.png,562,632,678,745,neutrophils
/data/datasets/wbc3_1024x1024/images/0043.png,1,357,87,497,lymphocytes
/data/datasets/wbc3_1024x1024/images/0045.png,115,934,239,1020,eosinophils
/data/datasets/wbc3_1024x1024/images/0049.png,518,367,583,435,lymphocytes
/data/datasets/wbc3_1024x1024/images/0052.png,49,630,188,773,neutrophils
/data/datasets/wbc3_1024x1024/images/0052.png,160,107,306,244,bands
/data/datasets/wbc3_1024x1024/images/0056.png,905,85,999,203,bands
/data/datasets/wbc3_1024x1024/images/0056.png,771,383,832,472,lymphocytes
/data/datasets/wbc3_1024x1024/images/0057.png,483,190,625,323,neutrophils
/data/datasets/wbc3_1024x1024/images/0060.png,748,699,815,775,lymphocytes
/data/datasets/wbc3_1024x1024/images/0061.png,429,773,486,850,lymphocytes
/data/datasets/wbc3_1024x1024/images/0062.png,626,829,703,942,lymphocytes
/data/datasets/wbc3_1024x1024/images/0063.png,145,104,293,263,monocytes
/data/datasets/wbc3_1024x1024/images/0065.png,473,796,643,951,monocytes
/data/datasets/wbc3_1024x1024/images/0066.png,875,385,1023,528,neutrophils
/data/datasets/wbc3_1024x1024/images/0066.png,750,584,909,739,eosinophils
/data/datasets/wbc3_1024x1024/images/0067.png,422,558,576,725,monocytes
/data/datasets/wbc3_1024x1024/images/0068.png,186,476,272,562,lymphocytes
/data/datasets/wbc3_1024x1024/images/0068.png,729,541,814,636,lymphocytes
/data/datasets/wbc3_1024x1024/images/0069.png,432,827,596,992,monocytes
/data/datasets/wbc3_1024x1024/images/0070.png,182,154,286,258,bands
/data/datasets/wbc3_1024x1024/images/0070.png,0,77,65,193,eosinophils
/data/datasets/wbc3_1024x1024/images/0070.png,449,882,534,1016,lymphocytes
/data/datasets/wbc3_1024x1024/images/0070.png,496,489,577,586,lymphocytes
/data/datasets/wbc3_1024x1024/images/0070.png,522,252,591,343,lymphocytes
/data/datasets/wbc3_1024x1024/images/0073.png,546,234,632,341,neutrophils
/data/datasets/wbc3_1024x1024/images/0076.png,471,807,635,960,bands
/data/datasets/wbc3_1024x1024/images/0078.png,509,387,625,524,neutrophils
/data/datasets/wbc3_1024x1024/images/0080.png,658,629,730,700,lymphocytes
/data/datasets/wbc3_1024x1024/images/0081.png,367,375,432,468,neutrophils
/data/datasets/wbc3_1024x1024/images/0083.png,105,92,257,267,bands
/data/datasets/wbc3_1024x1024/images/0084.png,605,113,705,229,neutrophils
/data/datasets/wbc3_1024x1024/images/0085.png,21,190,166,330,bands
/data/datasets/wbc3_1024x1024/images/0086.png,328,1,381,61,lymphocytes
/data/datasets/wbc3_1024x1024/images/0087.png,399,108,487,222,bands
/data/datasets/wbc3_1024x1024/images/0087.png,418,831,495,924,lymphocytes
/data/datasets/wbc3_1024x1024/images/0088.png,171,31,321,159,bands
/data/datasets/wbc3_1024x1024/images/0089.png,165,579,288,704,neutrophils
/data/datasets/wbc3_1024x1024/images/0089.png,127,337,263,477,neutrophils
/data/datasets/wbc3_1024x1024/images/0091.png,821,20,1016,199,monocytes
/data/datasets/wbc3_1024x1024/images/0093.png,525,90,587,179,neutrophils
/data/datasets/wbc3_1024x1024/images/0093.png,320,64,402,155,neutrophils
/data/datasets/wbc3_1024x1024/images/0094.png,527,934,588,1005,lymphocytes
/data/datasets/wbc3_1024x1024/images/0095.png,6,879,198,1023,monocytes
/data/datasets/wbc3_1024x1024/images/0096.png,247,285,362,402,bands
/data/datasets/wbc3_1024x1024/images/0096.png,798,606,914,766,lymphocytes
/data/datasets/wbc3_1024x1024/images/0098.png,96,365,192,477,neutrophils
/data/datasets/wbc3_1024x1024/images/0099.png,642,807,789,952,neutrophils
/data/datasets/wbc3_1024x1024/images/0099.png,542,406,693,562,bands
/data/datasets/wbc3_1024x1024/images/0099.png,860,904,983,1020,bands
/data/datasets/wbc3_1024x1024/images/0100.png,630,283,716,409,bands
/data/datasets/wbc3_1024x1024/images/0100.png,507,181,640,348,monocytes
/data/datasets/wbc3_1024x1024/images/0101.png,741,580,849,699,lymphocytes
/data/datasets/wbc3_1024x1024/images/0102.png,8,757,144,895,bands
/data/datasets/wbc3_1024x1024/images/0103.png,764,854,904,992,neutrophils
/data/datasets/wbc3_1024x1024/images/0103.png,916,2,1023,156,monocytes
/data/datasets/wbc3_1024x1024/images/0106.png,305,659,385,734,neutrophils
/data/datasets/wbc3_1024x1024/images/0106.png,668,653,757,738,lymphocytes
/data/datasets/wbc3_1024x1024/images/0106.png,636,905,700,974,lymphocytes
/data/datasets/wbc3_1024x1024/images/0107.png,573,437,662,541,neutrophils
/data/datasets/wbc3_1024x1024/images/0108.png,108,411,186,487,neutrophils
/data/datasets/wbc3_1024x1024/images/0109.png,325,565,417,678,neutrophils
/data/datasets/wbc3_1024x1024/images/0109.png,13,339,83,451,neutrophils
/data/datasets/wbc3_1024x1024/images/0109.png,239,370,321,468,neutrophils
/data/datasets/wbc3_1024x1024/images/0109.png,834,4,947,115,bands
/data/datasets/wbc3_1024x1024/images/0110.png,291,8,396,136,neutrophils
/data/datasets/wbc3_1024x1024/images/0110.png,15,913,107,1023,neutrophils
/data/datasets/wbc3_1024x1024/images/0110.png,352,841,444,966,neutrophils
/data/datasets/wbc3_1024x1024/images/0110.png,363,440,493,602,eosinophils
/data/datasets/wbc3_1024x1024/images/0112.png,926,922,1023,1021,neutrophils
/data/datasets/wbc3_1024x1024/images/0112.png,837,390,918,481,lymphocytes
/data/datasets/wbc3_1024x1024/images/0118.png,863,615,971,755,bands
/data/datasets/wbc3_1024x1024/images/0118.png,83,844,206,987,lymphocytes
/data/datasets/wbc3_1024x1024/images/0118.png,474,730,554,817,lymphocytes
/data/datasets/wbc3_1024x1024/images/0120.png,662,747,755,841,neutrophils
/data/datasets/wbc3_1024x1024/images/0120.png,123,22,206,110,lymphocytes
/data/datasets/wbc3_1024x1024/images/0121.png,55,821,237,1017,monocytes
/data/datasets/wbc3_1024x1024/images/0123.png,3,719,115,916,monocytes
/data/datasets/wbc3_1024x1024/images/0125.png,555,137,706,282,bands
/data/datasets/wbc3_1024x1024/images/0127.png,130,496,298,620,lymphocytes
/data/datasets/wbc3_1024x1024/images/0129.png,390,841,478,952,neutrophils
/data/datasets/wbc3_1024x1024/images/0131.png,427,286,520,366,lymphocytes
/data/datasets/wbc3_1024x1024/images/0134.png,341,10,443,93,neutrophils
/data/datasets/wbc3_1024x1024/images/0136.png,676,76,765,176,neutrophils
/data/datasets/wbc3_1024x1024/images/0138.png,395,85,446,158,lymphocytes
/data/datasets/wbc3_1024x1024/images/0139.png,312,327,406,424,neutrophils
/data/datasets/wbc3_1024x1024/images/0140.png,549,98,637,209,neutrophils
/data/datasets/wbc3_1024x1024/images/0140.png,378,696,443,790,lymphocytes
/data/datasets/wbc3_1024x1024/images/0141.png,687,815,784,919,neutrophils
/data/datasets/wbc3_1024x1024/images/0141.png,590,163,669,270,neutrophils
/data/datasets/wbc3_1024x1024/images/0141.png,141,91,216,195,neutrophils
/data/datasets/wbc3_1024x1024/images/0142.png,401,170,506,259,bands
/data/datasets/wbc3_1024x1024/images/0142.png,595,744,659,804,lymphocytes
/data/datasets/wbc3_1024x1024/images/0143.png,227,798,309,932,neutrophils
/data/datasets/wbc3_1024x1024/images/0145.png,666,396,871,590,monocytes
/data/datasets/wbc3_1024x1024/images/0145.png,39,597,223,754,monocytes
/data/datasets/wbc3_1024x1024/images/0147.png,629,53,735,142,neutrophils
/data/datasets/wbc3_1024x1024/images/0148.png,65,832,246,1023,monocytes
/data/datasets/wbc3_1024x1024/images/0151.png,525,550,637,684,neutrophils
/data/datasets/wbc3_1024x1024/images/0151.png,724,806,836,938,neutrophils
/data/datasets/wbc3_1024x1024/images/0151.png,500,690,601,827,neutrophils
/data/datasets/wbc3_1024x1024/images/0152.png,566,82,651,168,lymphocytes
/data/datasets/wbc3_1024x1024/images/0153.png,573,930,639,1016,lymphocytes
/data/datasets/wbc3_1024x1024/images/0156.png,369,11,454,103,neutrophils
/data/datasets/wbc3_1024x1024/images/0156.png,816,866,900,982,neutrophils
/data/datasets/wbc3_1024x1024/images/0157.png,81,7,375,229,monocytes
/data/datasets/wbc3_1024x1024/images/0159.png,637,423,715,495,lymphocytes
/data/datasets/wbc3_1024x1024/images/0160.png,38,724,236,892,lymphocytes
/data/datasets/wbc3_1024x1024/images/0162.png,77,843,144,944,neutrophils
/data/datasets/wbc3_1024x1024/images/0162.png,739,786,802,851,lymphocytes
/data/datasets/wbc3_1024x1024/images/0162.png,620,751,695,816,lymphocytes
/data/datasets/wbc3_1024x1024/images/0165.png,15,510,115,619,lymphocytes
/data/datasets/wbc3_1024x1024/images/0167.png,376,665,444,766,neutrophils
/data/datasets/wbc3_1024x1024/images/0168.png,913,206,1009,332,neutrophils
/data/datasets/wbc3_1024x1024/images/0168.png,197,812,298,938,neutrophils
/data/datasets/wbc3_1024x1024/images/0168.png,113,693,201,808,lymphocytes
/data/datasets/wbc3_1024x1024/images/0171.png,693,546,832,703,bands
/data/datasets/wbc3_1024x1024/images/0173.png,257,568,433,764,monocytes
/data/datasets/wbc3_1024x1024/images/0176.png,19,549,72,630,lymphocytes
/data/datasets/wbc3_1024x1024/images/0176.png,334,709,407,822,lymphocytes
/data/datasets/wbc3_1024x1024/images/0177.png,129,579,250,702,neutrophils
/data/datasets/wbc3_1024x1024/images/0177.png,606,461,700,552,lymphocytes
/data/datasets/wbc3_1024x1024/images/0177.png,125,869,221,959,lymphocytes
/data/datasets/wbc3_1024x1024/images/0178.png,164,220,315,363,lymphocytes
/data/datasets/wbc3_1024x1024/images/0179.png,542,26,672,152,neutrophils
/data/datasets/wbc3_1024x1024/images/0179.png,731,141,834,299,neutrophils
/data/datasets/wbc3_1024x1024/images/0179.png,670,425,804,564,neutrophils
/data/datasets/wbc3_1024x1024/images/0180.png,678,371,741,471,lymphocytes
/data/datasets/wbc3_1024x1024/images/0186.png,354,186,407,272,lymphocytes
/data/datasets/wbc3_1024x1024/images/0187.png,502,3,589,97,neutrophils
/data/datasets/wbc3_1024x1024/images/0187.png,758,725,839,835,neutrophils
/data/datasets/wbc3_1024x1024/images/0187.png,477,378,561,453,lymphocytes
/data/datasets/wbc3_1024x1024/images/0188.png,776,408,852,499,neutrophils
/data/datasets/wbc3_1024x1024/images/0189.png,332,240,421,345,lymphocytes
/data/datasets/wbc3_1024x1024/images/0190.png,936,250,1023,353,neutrophils
/data/datasets/wbc3_1024x1024/images/0190.png,958,421,1023,529,neutrophils
/data/datasets/wbc3_1024x1024/images/0190.png,560,217,659,324,neutrophils
/data/datasets/wbc3_1024x1024/images/0191.png,769,319,994,528,monocytes
/data/datasets/wbc3_1024x1024/images/0192.png,226,500,320,607,lymphocytes
/data/datasets/wbc3_1024x1024/images/0193.png,491,563,601,682,neutrophils
/data/datasets/wbc3_1024x1024/images/0193.png,139,793,217,869,lymphocytes
/data/datasets/wbc3_1024x1024/images/0194.png,753,431,918,576,lymphocytes
/data/datasets/wbc3_1024x1024/images/0195.png,111,190,222,298,neutrophils
/data/datasets/wbc3_1024x1024/images/0195.png,559,20,694,180,neutrophils
/data/datasets/wbc3_1024x1024/images/0196.png,343,640,506,808,neutrophils
/data/datasets/wbc3_1024x1024/images/0196.png,761,361,912,501,bands
/data/datasets/wbc3_1024x1024/images/0198.png,200,155,374,331,bands
/data/datasets/wbc3_1024x1024/images/0200.png,457,407,639,577,lymphocytes
/data/datasets/wbc3_1024x1024/images/0201.png,201,303,414,491,monocytes
/data/datasets/wbc3_1024x1024/images/0202.png,258,130,316,214,lymphocytes
/data/datasets/wbc3_1024x1024/images/0205.png,760,534,973,729,monocytes
/data/datasets/wbc3_1024x1024/images/0206.png,19,217,112,334,neutrophils
/data/datasets/wbc3_1024x1024/images/0208.png,202,304,404,546,monocytes
/data/datasets/wbc3_1024x1024/images/0211.png,137,6,345,155,neutrophils
/data/datasets/wbc3_1024x1024/images/0211.png,533,209,738,417,monocytes
/data/datasets/wbc3_1024x1024/images/0212.png,641,339,841,528,neutrophils
/data/datasets/wbc3_1024x1024/images/0213.png,93,362,164,454,neutrophils
/data/datasets/wbc3_1024x1024/images/0213.png,961,530,1022,616,lymphocytes
/data/datasets/wbc3_1024x1024/images/0214.png,729,415,826,515,neutrophils
/data/datasets/wbc3_1024x1024/images/0216.png,605,286,676,367,lymphocytes
/data/datasets/wbc3_1024x1024/images/0217.png,12,678,154,835,neutrophils
/data/datasets/wbc3_1024x1024/images/0218.png,273,8,383,134,neutrophils
/data/datasets/wbc3_1024x1024/images/0219.png,805,603,889,695,lymphocytes
/data/datasets/wbc3_1024x1024/images/0220.png,314,547,455,699,neutrophils
/data/datasets/wbc3_1024x1024/images/0221.png,559,762,638,866,neutrophils
/data/datasets/wbc3_1024x1024/images/0221.png,12,542,95,650,lymphocytes
/data/datasets/wbc3_1024x1024/images/0224.png,395,70,581,235,neutrophils
/data/datasets/wbc3_1024x1024/images/0225.png,679,61,767,191,neutrophils
/data/datasets/wbc3_1024x1024/images/0225.png,383,560,483,660,neutrophils
/data/datasets/wbc3_1024x1024/images/0227.png,273,446,381,570,neutrophils
/data/datasets/wbc3_1024x1024/images/0228.png,6,760,65,857,lymphocytes
/data/datasets/wbc3_1024x1024/images/0230.png,56,730,136,824,neutrophils
/data/datasets/wbc3_1024x1024/images/0231.png,598,564,694,663,neutrophils
/data/datasets/wbc3_1024x1024/images/0234.png,20,417,126,518,lymphocytes
/data/datasets/wbc3_1024x1024/images/0235.png,665,535,768,668,neutrophils
/data/datasets/wbc3_1024x1024/images/0235.png,550,555,664,726,neutrophils
/data/datasets/wbc3_1024x1024/images/0235.png,171,121,277,251,neutrophils
/data/datasets/wbc3_1024x1024/images/0236.png,43,582,171,738,neutrophils
/data/datasets/wbc3_1024x1024/images/0236.png,406,335,569,501,neutrophils
/data/datasets/wbc3_1024x1024/images/0237.png,786,175,961,364,neutrophils
/data/datasets/wbc3_1024x1024/images/0238.png,277,633,377,778,neutrophils
/data/datasets/wbc3_1024x1024/images/0238.png,753,650,914,810,monocytes
/data/datasets/wbc3_1024x1024/images/0239.png,86,83,260,233,bands
/data/datasets/wbc3_1024x1024/images/0242.png,632,708,700,796,lymphocytes
/data/datasets/wbc3_1024x1024/images/0243.png,631,11,838,168,neutrophils
/data/datasets/wbc3_1024x1024/images/0246.png,177,662,281,779,neutrophils
/data/datasets/wbc3_1024x1024/images/0246.png,35,329,121,438,neutrophils
/data/datasets/wbc3_1024x1024/images/0246.png,93,6,209,76,neutrophils
/data/datasets/wbc3_1024x1024/images/0246.png,451,774,529,863,lymphocytes
/data/datasets/wbc3_1024x1024/images/0247.png,591,6,682,114,neutrophils
/data/datasets/wbc3_1024x1024/images/0247.png,81,364,152,427,lymphocytes
/data/datasets/wbc3_1024x1024/images/0247.png,74,19,150,103,lymphocytes
/data/datasets/wbc3_1024x1024/images/0249.png,786,463,890,573,neutrophils
/data/datasets/wbc3_1024x1024/images/0249.png,77,466,162,565,neutrophils
/data/datasets/wbc3_1024x1024/images/0251.png,494,935,610,1020,neutrophils
/data/datasets/wbc3_1024x1024/images/0251.png,565,277,639,359,lymphocytes
/data/datasets/wbc3_1024x1024/images/0253.png,378,663,492,808,neutrophils
/data/datasets/wbc3_1024x1024/images/0254.png,203,233,298,325,lymphocytes
/data/datasets/wbc3_1024x1024/images/0255.png,161,421,316,602,neutrophils
/data/datasets/wbc3_1024x1024/images/0255.png,932,442,1023,560,neutrophils
/data/datasets/wbc3_1024x1024/images/0256.png,782,5,900,64,neutrophils
/data/datasets/wbc3_1024x1024/images/0257.png,201,458,364,594,monocytes
/data/datasets/wbc3_1024x1024/images/0259.png,758,137,875,229,lymphocytes
/data/datasets/wbc3_1024x1024/images/0262.png,642,25,696,104,lymphocytes
/data/datasets/wbc3_1024x1024/images/0263.png,207,745,256,819,lymphocytes
/data/datasets/wbc3_1024x1024/images/0264.png,940,805,1008,897,neutrophils
/data/datasets/wbc3_1024x1024/images/0264.png,78,916,169,1011,lymphocytes
/data/datasets/wbc3_1024x1024/images/0267.png,552,897,661,1020,lymphocytes
/data/datasets/wbc3_1024x1024/images/0268.png,185,355,249,449,lymphocytes
/data/datasets/wbc3_1024x1024/images/0269.png,536,267,736,457,neutrophils
/data/datasets/wbc3_1024x1024/images/0271.png,67,252,177,353,neutrophils
/data/datasets/wbc3_1024x1024/images/0271.png,522,359,617,493,eosinophils
/data/datasets/wbc3_1024x1024/images/0273.png,658,403,758,526,neutrophils
/data/datasets/wbc3_1024x1024/images/0274.png,918,226,1023,349,neutrophils
/data/datasets/wbc3_1024x1024/images/0275.png,277,492,372,613,neutrophils
/data/datasets/wbc3_1024x1024/images/0275.png,479,518,570,602,lymphocytes
/data/datasets/wbc3_1024x1024/images/0276.png,749,6,950,188,monocytes
/data/datasets/wbc3_1024x1024/images/0277.png,736,287,857,442,neutrophils
/data/datasets/wbc3_1024x1024/images/0279.png,131,100,214,204,lymphocytes
/data/datasets/wbc3_1024x1024/images/0279.png,547,283,639,389,lymphocytes
/data/datasets/wbc3_1024x1024/images/0281.png,25,698,129,849,neutrophils
/data/datasets/wbc3_1024x1024/images/0284.png,535,709,644,821,neutrophils
/data/datasets/wbc3_1024x1024/images/0285.png,399,567,500,678,neutrophils
/data/datasets/wbc3_1024x1024/images/0285.png,44,713,123,810,neutrophils
/data/datasets/wbc3_1024x1024/images/0285.png,674,703,766,801,lymphocytes
/data/datasets/wbc3_1024x1024/images/0288.png,268,736,364,825,neutrophils
/data/datasets/wbc3_1024x1024/images/0288.png,698,177,807,305,lymphocytes
/data/datasets/wbc3_1024x1024/images/0288.png,360,549,423,614,lymphocytes
/data/datasets/wbc3_1024x1024/images/0289.png,672,191,783,337,neutrophils
/data/datasets/wbc3_1024x1024/images/0291.png,238,414,323,508,neutrophils
/data/datasets/wbc3_1024x1024/images/0291.png,457,385,504,503,lymphocytes
/data/datasets/wbc3_1024x1024/images/0292.png,76,657,245,835,neutrophils
/data/datasets/wbc3_1024x1024/images/0293.png,402,457,585,605,neutrophils
/data/datasets/wbc3_1024x1024/images/0294.png,639,285,790,443,neutrophils
/data/datasets/wbc3_1024x1024/images/0295.png,12,472,131,624,neutrophils
/data/datasets/wbc3_1024x1024/images/0295.png,809,600,964,806,eosinophils
/data/datasets/wbc3_1024x1024/images/0296.png,554,516,746,719,neutrophils
/data/datasets/wbc3_1024x1024/images/0297.png,44,82,187,267,neutrophils
/data/datasets/wbc3_1024x1024/images/0299.png,171,741,349,917,monocytes
/data/datasets/wbc3_1024x1024/images/0300.png,478,413,594,519,lymphocytes
/data/datasets/wbc3_1024x1024/images/0301.png,871,741,980,850,lymphocytes
/data/datasets/wbc3_1024x1024/images/0303.png,533,634,726,828,eosinophils
/data/datasets/wbc3_1024x1024/images/0305.png,349,500,467,606,lymphocytes
/data/datasets/wbc3_1024x1024/images/0306.png,0,640,136,792,neutrophils
/data/datasets/wbc3_1024x1024/images/0307.png,655,38,842,222,neutrophils
/data/datasets/wbc3_1024x1024/images/0310.png,687,687,861,864,neutrophils
/data/datasets/wbc3_1024x1024/images/0311.png,490,78,663,222,monocytes
/data/datasets/wbc3_1024x1024/images/0315.png,318,446,579,613,eosinophils
/data/datasets/wbc3_1024x1024/images/0317.png,326,25,459,159,lymphocytes
/data/datasets/wbc3_1024x1024/images/0318.png,235,530,342,649,lymphocytes
/data/datasets/wbc3_1024x1024/images/0319.png,455,374,578,512,lymphocytes
/data/datasets/wbc3_1024x1024/images/0321.png,758,431,923,606,neutrophils
/data/datasets/wbc3_1024x1024/images/0321.png,361,330,546,459,monocytes
/data/datasets/wbc3_1024x1024/images/0322.png,903,923,1023,1018,lymphocytes
/data/datasets/wbc3_1024x1024/images/0323.png,104,365,300,520,monocytes
/data/datasets/wbc3_1024x1024/images/0324.png,4,85,144,260,neutrophils
/data/datasets/wbc3_1024x1024/images/0325.png,923,326,1023,493,neutrophils
/data/datasets/wbc3_1024x1024/images/0326.png,192,713,289,791,lymphocytes
/data/datasets/wbc3_1024x1024/images/0328.png,843,698,990,797,lymphocytes
/data/datasets/wbc3_1024x1024/images/0328.png,48,506,204,653,monocytes
/data/datasets/wbc3_1024x1024/images/0329.png,91,460,245,607,neutrophils
/data/datasets/wbc3_1024x1024/images/0330.png,346,97,535,270,monocytes
/data/datasets/wbc3_1024x1024/images/0331.png,638,801,827,945,monocytes
/data/datasets/wbc3_1024x1024/images/0334.png,670,68,789,221,lymphocytes
/data/datasets/wbc3_1024x1024/images/0335.png,369,719,581,887,eosinophils
/data/datasets/wbc3_1024x1024/images/0335.png,43,838,153,927,lymphocytes
/data/datasets/wbc3_1024x1024/images/0336.png,261,758,479,903,neutrophils
/data/datasets/wbc3_1024x1024/images/0337.png,128,7,312,148,monocytes
/data/datasets/wbc3_1024x1024/images/0339.png,753,696,915,829,lymphocytes
/data/datasets/wbc3_1024x1024/images/0340.png,253,188,447,364,eosinophils
/data/datasets/wbc3_1024x1024/images/0343.png,782,608,940,757,neutrophils
/data/datasets/wbc3_1024x1024/images/0344.png,742,882,927,1017,eosinophils
/data/datasets/wbc3_1024x1024/images/0345.png,519,0,730,166,neutrophils
/data/datasets/wbc3_1024x1024/images/0347.png,672,32,852,236,neutrophils
/data/datasets/wbc3_1024x1024/images/0348.png,775,444,930,605,eosinophils
/data/datasets/wbc3_1024x1024/images/0349.png,54,548,203,682,eosinophils
/data/datasets/wbc3_1024x1024/images/0351.png,0,892,149,1023,eosinophils
/data/datasets/wbc3_1024x1024/images/0352.png,104,809,242,953,neutrophils
/data/datasets/wbc3_1024x1024/images/0353.png,156,305,313,469,neutrophils
/data/datasets/wbc3_1024x1024/images/0354.png,178,484,286,564,lymphocytes
/data/datasets/wbc3_1024x1024/images/0355.png,781,52,964,211,eosinophils
/data/datasets/wbc3_1024x1024/images/0356.png,497,378,621,489,lymphocytes
/data/datasets/wbc3_1024x1024/images/0357.png,611,211,727,368,neutrophils
/data/datasets/wbc3_1024x1024/images/0358.png,461,792,547,885,lymphocytes
/data/datasets/wbc3_1024x1024/images/0359.png,88,64,258,265,eosinophils
/data/datasets/wbc3_1024x1024/images/0365.png,742,915,856,1023,lymphocytes
/data/datasets/wbc3_1024x1024/images/0367.png,608,474,800,641,monocytes
/data/datasets/wbc3_1024x1024/images/0369.png,200,838,352,978,neutrophils
/data/datasets/wbc3_1024x1024/images/0370.png,712,477,878,675,eosinophils
/data/datasets/wbc3_1024x1024/images/0374.png,264,78,385,196,neutrophils
/data/datasets/wbc3_1024x1024/images/0374.png,702,870,836,997,eosinophils
/data/datasets/wbc3_1024x1024/images/0375.png,801,461,922,572,neutrophils
/data/datasets/wbc3_1024x1024/images/0375.png,0,736,136,893,eosinophils
/data/datasets/wbc3_1024x1024/images/0376.png,294,498,404,591,neutrophils
/data/datasets/wbc3_1024x1024/images/0376.png,109,906,248,1023,eosinophils
/data/datasets/wbc3_1024x1024/images/0378.png,119,9,230,95,neutrophils
/data/datasets/wbc3_1024x1024/images/0378.png,370,555,485,670,neutrophils
/data/datasets/wbc3_1024x1024/images/0378.png,113,710,247,842,eosinophils
/data/datasets/wbc3_1024x1024/images/0379.png,833,770,940,880,neutrophils
/data/datasets/wbc3_1024x1024/images/0379.png,192,790,317,909,eosinophils
/data/datasets/wbc3_1024x1024/images/0379.png,0,830,91,958,eosinophils
/data/datasets/wbc3_1024x1024/images/0381.png,382,308,537,440,eosinophils
/data/datasets/wbc3_1024x1024/images/0383.png,141,581,274,720,neutrophils
/data/datasets/wbc3_1024x1024/images/0384.png,692,713,805,821,lymphocytes
/data/datasets/wbc3_1024x1024/images/0387.png,425,533,593,692,eosinophils
/data/datasets/wbc3_1024x1024/images/0389.png,795,828,947,987,lymphocytes
/data/datasets/wbc3_1024x1024/images/0390.png,516,187,606,277,lymphocytes
/data/datasets/wbc3_1024x1024/images/0390.png,657,319,847,520,monocytes
/data/datasets/wbc3_1024x1024/images/0391.png,586,157,735,313,eosinophils
/data/datasets/wbc3_1024x1024/images/0393.png,375,288,561,453,eosinophils
/data/datasets/wbc3_1024x1024/images/0395.png,665,161,787,287,neutrophils
/data/datasets/wbc3_1024x1024/images/0395.png,245,493,410,657,eosinophils
/data/datasets/wbc3_1024x1024/images/0397.png,468,602,648,786,eosinophils
/data/datasets/wbc3_1024x1024/images/0399.png,821,640,980,798,eosinophils
/data/datasets/wbc3_1024x1024/images/0400.png,147,423,330,601,eosinophils
/data/datasets/wbc3_1024x1024/images/0400.png,484,348,628,473,lymphocytes
/data/datasets/wbc3_1024x1024/images/0402.png,724,663,925,854,eosinophils
/data/datasets/wbc3_1024x1024/images/0404.png,536,713,658,834,bands
/data/datasets/wbc3_1024x1024/images/0404.png,571,288,717,438,eosinophils
/data/datasets/wbc3_1024x1024/images/0405.png,594,0,803,175,eosinophils
/data/datasets/wbc3_1024x1024/images/0406.png,658,616,831,802,eosinophils
/data/datasets/wbc3_1024x1024/images/0407.png,157,739,343,923,eosinophils
/data/datasets/wbc3_1024x1024/images/0408.png,265,51,438,247,eosinophils
/data/datasets/wbc3_1024x1024/images/0410.png,891,756,1019,965,eosinophils
/data/datasets/wbc3_1024x1024/images/0410.png,766,368,878,472,lymphocytes
/data/datasets/wbc3_1024x1024/images/0413.png,501,122,681,297,eosinophils
/data/datasets/wbc3_1024x1024/images/0413.png,102,265,287,453,eosinophils
/data/datasets/wbc3_1024x1024/images/0419.png,717,701,913,897,eosinophils
/data/datasets/wbc3_1024x1024/images/0420.png,834,461,1023,631,monocytes
/data/datasets/wbc3_1024x1024/images/0421.png,344,806,532,1009,eosinophils
/data/datasets/wbc3_1024x1024/images/0425.png,307,334,474,513,eosinophils
/data/datasets/wbc3_1024x1024/images/0426.png,128,498,292,670,eosinophils
/data/datasets/wbc3_1024x1024/images/0427.png,454,570,622,713,eosinophils
/data/datasets/wbc3_1024x1024/images/0428.png,687,89,825,215,neutrophils
/data/datasets/wbc3_1024x1024/images/0428.png,222,723,401,905,eosinophils
/data/datasets/wbc3_1024x1024/images/0433.png,525,767,693,919,eosinophils
/data/datasets/wbc3_1024x1024/images/0436.png,182,657,370,775,neutrophils
/data/datasets/wbc3_1024x1024/images/0436.png,428,374,610,530,monocytes
/data/datasets/wbc3_1024x1024/images/0437.png,415,312,600,513,eosinophils
/data/datasets/wbc3_1024x1024/images/0438.png,634,786,770,918,lymphocytes
/data/datasets/wbc3_1024x1024/images/0439.png,608,896,797,1017,monocytes
/data/datasets/wbc3_1024x1024/images/0440.png,147,568,288,706,neutrophils
/data/datasets/wbc3_1024x1024/images/0440.png,751,698,940,901,eosinophils
/data/datasets/wbc3_1024x1024/images/0441.png,403,54,583,272,eosinophils
/data/datasets/wbc3_1024x1024/images/0441.png,72,460,221,611,monocytes
/data/datasets/wbc3_1024x1024/images/0442.png,202,531,351,665,neutrophils
/data/datasets/wbc3_1024x1024/images/0442.png,395,725,601,925,eosinophils
/data/datasets/wbc3_1024x1024/images/0444.png,362,781,541,953,eosinophils
/data/datasets/wbc3_1024x1024/images/0444.png,4,777,101,923,lymphocytes
/data/datasets/wbc3_1024x1024/images/0446.png,154,431,379,602,eosinophils
/data/datasets/wbc3_1024x1024/images/0447.png,835,88,1016,254,monocytes
/data/datasets/wbc3_1024x1024/images/0450.png,4,32,168,224,eosinophils
/data/datasets/wbc3_1024x1024/images/0450.png,225,952,406,1023,eosinophils
/data/datasets/wbc3_1024x1024/images/0451.png,454,427,648,620,eosinophils
/data/datasets/wbc3_1024x1024/images/0452.png,30,83,181,211,lymphocytes
/data/datasets/wbc3_1024x1024/images/0453.png,186,513,343,687,eosinophils
/data/datasets/wbc3_1024x1024/images/0457.png,380,776,495,886,lymphocytes
/data/datasets/wbc3_1024x1024/images/0458.png,511,632,645,765,neutrophils
/data/datasets/wbc3_1024x1024/images/0459.png,729,227,882,349,neutrophils
/data/datasets/wbc3_1024x1024/images/0462.png,427,597,622,790,eosinophils
/data/datasets/wbc3_1024x1024/images/0463.png,368,487,540,663,eosinophils
/data/datasets/wbc3_1024x1024/images/0463.png,257,98,368,197,lymphocytes
/data/datasets/wbc3_1024x1024/images/0466.png,234,821,340,940,lymphocytes
/data/datasets/wbc3_1024x1024/images/0467.png,433,722,642,907,monocytes
/data/datasets/wbc3_1024x1024/images/0469.png,62,512,261,699,eosinophils
/data/datasets/wbc3_1024x1024/images/0471.png,443,185,589,335,neutrophils
/data/datasets/wbc3_1024x1024/images/0472.png,26,291,204,490,eosinophils
/data/datasets/wbc3_1024x1024/images/0473.png,718,658,927,837,eosinophils
/data/datasets/wbc3_1024x1024/images/0476.png,142,388,298,498,neutrophils
/data/datasets/wbc3_1024x1024/images/0477.png,852,156,991,289,lymphocytes
/data/datasets/wbc3_1024x1024/images/0480.png,466,954,648,1023,eosinophils
/data/datasets/wbc3_1024x1024/images/0480.png,730,747,926,940,monocytes
/data/datasets/wbc3_1024x1024/images/0482.png,35,20,223,222,eosinophils
/data/datasets/wbc3_1024x1024/images/0485.png,493,150,676,349,eosinophils
/data/datasets/wbc3_1024x1024/images/0486.png,234,219,371,366,lymphocytes
/data/datasets/wbc3_1024x1024/images/0487.png,799,267,969,453,neutrophils
/data/datasets/wbc3_1024x1024/images/0490.png,443,63,638,234,neutrophils
/data/datasets/wbc3_1024x1024/images/0492.png,448,739,614,904,eosinophils
/data/datasets/wbc3_1024x1024/images/0495.png,283,280,458,462,eosinophils
/data/datasets/wbc3_1024x1024/images/0497.png,819,535,995,750,eosinophils
/data/datasets/wbc3_1024x1024/images/0503.png,277,432,403,578,lymphocytes
